"","totalEntropies$V4","totalEntropies$V4.1","totalEntropies$V4.2","totalEntropies$V4.3","totalEntropies$V4.4","totalEntropies$V4.5","totalEntropies$V4.6","totalEntropies$V4.7","totalEntropies$V4.8","totalEntropies$V4.9","totalEntropies$V4.10","totalEntropies$V4.11","totalEntropies$V4.12","totalEntropies$V4.13","totalEntropies$V4.14","totalEntropies$V4.15","totalEntropies$V4.16","totalEntropies$V4.17","totalEntropies$V4.18","totalEntropies$V4.19","totalEntropies$V4.20","totalEntropies$V4.21","totalEntropies$V4.22","totalEntropies$V4.23","totalEntropies$V4.24","totalEntropies$V4.25","totalEntropies$V4.26","totalEntropies$V4.27","totalEntropies$V4.28","totalEntropies$V4.29","totalEntropies$V4.30","totalEntropies$V4.31","totalEntropies$V4.32","totalEntropies$V4.33","totalEntropies$V4.34","totalEntropies$V4.35","totalEntropies$V4.36","totalEntropies$V4.37","totalEntropies$V4.38","totalEntropies$V4.39","totalEntropies$V4.40","totalEntropies$V4.41","totalEntropies$V4.42","totalEntropies$V4.43","totalEntropies$V4.44","totalEntropies$V4.45","totalEntropies$V4.46","totalEntropies$V4.47","totalEntropies$V4.48","totalEntropies$V4.49"
"1",1,1,1,1,1,1,1,1,1,1,1,1,1,1,1,1,1,1,1,1,1,1,1,1,1,1,1,1,1,1,1,1,1,1,1,1,1,1,1,1,1,1,1,1,1,1,1,1,1,1
"2",0.998259231378341,0.998248584131076,0.983873899556007,0.985867886082001,0.99208389069187,0.986801524608111,0.981773560966586,1,0.993347517474603,0.968736259362674,0.986056323513133,0.994457790392685,0.977460015036781,0.993238865648699,0.973111887977946,0.986816248336747,0.958192175002814,0.983666834843559,0.974574008360667,0.986157918613876,1,0.979038615028114,0.982459132857954,0.992273874843728,0.971695774702444,0.994462895604364,0.998758631920396,0.973518579898366,0.994739817482866,0.984749741515168,0.971749185575176,0.998188483101827,0.981650026069876,0.998822371444375,0.988799972708136,0.993776489482511,0.993803887305474,0.98102739745306,1,0.974880177629511,0.971367994493598,0.98487407416228,0.985910114973259,0.987539281298467,0.998223373421239,0.984806042175429,0.98795603299041,0.977978261267916,0.992472725561801,0.978468293052856
"3",0.991060707843296,0.970320716066513,0.976603959991479,0.983720823392146,0.990118724190348,0.980673690214741,0.980618572519176,0.997998861173597,0.986366092759875,0.948675062864752,0.967747444906016,0.979965808077303,0.965321951298822,0.980127057128799,0.968861094009466,0.965586719024102,0.956204134906562,0.968530665251282,0.958910126382288,0.958707565895042,0.975103116661063,0.958825995704609,0.967922395526937,0.985522112145882,0.937483750659325,0.944332321427879,0.980759046656575,0.961195939839689,0.980018401646787,0.967838170528065,0.945645596254976,0.980760673346905,0.954318608311674,0.985921344117257,0.951071340147223,0.985828807631232,0.987420961653146,0.979156093812964,0.993477679681742,0.96036421631984,0.964378247522591,0.983235666674757,0.960728116746322,0.962450690320837,0.990808573552778,0.970426606635687,0.98631517001428,0.948836793923538,0.985123059170758,0.967405261896199
"4",0.976883330522407,0.969258253152503,0.970105356891616,0.983720823392146,0.970737072902994,0.964986943384369,0.954992718680493,0.97986110458037,0.979713610234478,0.916905685466494,0.962706567990867,0.952514906496305,0.954047011359124,0.973636251474157,0.951523327745412,0.964383282891827,0.929198089553454,0.962242697414537,0.934866719994399,0.945272524367861,0.970581112313635,0.927699971588026,0.967922395526937,0.965715304812344,0.923367908878335,0.938212429124024,0.980759046656575,0.959399156568654,0.972846074928755,0.936402016750247,0.941261192596812,0.960064342949347,0.929563934495118,0.978073101399298,0.944982900060482,0.960277864794741,0.981814895217124,0.953296062752873,0.993477679681742,0.952646545371429,0.936506696463199,0.971530358709821,0.92300341172186,0.948568096002554,0.979380539971408,0.962055337956793,0.979529781879125,0.946957005433271,0.969101089750367,0.9524619145072
"5",0.957979751050437,0.967672511239159,0.949725586144722,0.975108535863477,0.947994647187495,0.963289278317431,0.939229394815357,0.959361148502494,0.966552619674456,0.893063619253116,0.955889908097799,0.944111434091599,0.932221125926579,0.941813446884408,0.945368096819739,0.964383282891827,0.915133048875001,0.944683716068528,0.915925201283679,0.920803963913103,0.968746810710747,0.921056979026942,0.955144895995802,0.95183625590993,0.922157599803314,0.931908021909114,0.971951233148765,0.95760237329762,0.972846074928755,0.906340414949434,0.924697390309942,0.952383994888382,0.908958273186393,0.964592074258492,0.944982900060482,0.941641781837993,0.973830709460023,0.945557743526046,0.991595469683065,0.936139339377473,0.905414587380863,0.964446846489705,0.921254424683053,0.947505659209475,0.954775793650404,0.960180576963038,0.97843038730272,0.929157854518161,0.9674011211371,0.934549006974302
"6",0.942061605107889,0.950681272660819,0.943675385165089,0.955173462777293,0.933188654892157,0.951646407473017,0.931776532649186,0.952214318356677,0.95281473043222,0.864378944828266,0.932443334648959,0.928890548194434,0.932221125926579,0.923541482526001,0.922108709833984,0.957971537066504,0.896840314404605,0.926927061549193,0.90820720830462,0.914635148380657,0.950302855298635,0.904406602151244,0.940353394447787,0.927578748036946,0.893976304412354,0.91338276003917,0.955008996957135,0.947414594211745,0.94989874092426,0.899406881549348,0.904366913506417,0.951170260480397,0.890608299256268,0.938978244490758,0.921800012006297,0.923411814882176,0.955261537092811,0.937732737326446,0.977780010708756,0.906792381769643,0.89992690304627,0.945582830485584,0.899283904902022,0.940726839887983,0.932546576941677,0.951342872235122,0.963992944679421,0.921030752534414,0.941117803432123,0.913972679818476
"7",0.936603850194503,0.939041895352736,0.923740144575687,0.93993628911687,0.917976329679486,0.939185511982673,0.930297191740394,0.944405686168763,0.924203969499194,0.864378944828266,0.914302434987006,0.926938157440525,0.899947726104995,0.894298661408593,0.908378816964097,0.941359341000816,0.881881145056242,0.898532710558611,0.90820720830462,0.900325597641752,0.923725164614088,0.898859501313938,0.933464455694715,0.919852622880674,0.879592547385606,0.91338276003917,0.940168329300864,0.926177539378145,0.948774630155729,0.886999355198398,0.89651170894526,0.944703646827418,0.871026191458198,0.926077217163639,0.903210996666937,0.909862988294586,0.926788731919058,0.90240504680576,0.958963790921146,0.873716907755694,0.885924385385684,0.932845052388416,0.872352919636278,0.934096095965809,0.931015946260467,0.951342872235122,0.957207556544266,0.919417579747044,0.939240226771701,0.889654122270995
"8",0.935437517838133,0.92499512838027,0.921919666352978,0.926846178146303,0.910861782112859,0.924849584046424,0.923413178793367,0.906798190376179,0.901052220646337,0.856663542707686,0.914302434987006,0.899648510148837,0.875816965716851,0.879309077943464,0.895153510182041,0.933334637084953,0.866637133751496,0.885288562165369,0.880270817988785,0.875217930941846,0.907821751403352,0.866062205611455,0.916887793110067,0.896664756891736,0.868754120163046,0.887390922108186,0.92297370785771,0.900143461923529,0.930878789069992,0.854359850454861,0.890348819898763,0.923818054124566,0.859551436214615,0.913756189650207,0.890180052343562,0.883047695201801,0.92481384589868,0.881522222544718,0.94275696231881,0.872280101846287,0.871245643538177,0.916862629963778,0.849825842110631,0.93303365917273,0.929938189751879,0.950086763651666,0.955566693568136,0.912264484928307,0.925545235454714,0.882998665104466
"9",0.916543829687043,0.914418213986197,0.907423845571849,0.915791083865497,0.892704234565504,0.91102325588368,0.904942243002191,0.892625424851416,0.893822839438725,0.84265999092643,0.897470818930116,0.877805707126602,0.863891324786444,0.877240264482458,0.887093842299175,0.931538490518502,0.859452909256077,0.88402088907205,0.873898283699304,0.856294353074233,0.890261659332986,0.85014500853774,0.915221889211928,0.894974036240316,0.864300888940281,0.869835591342494,0.921120947288133,0.898158955676058,0.917519444337794,0.840908117664047,0.888384523246473,0.907771334591464,0.841627769306118,0.900275162509402,0.876761868696688,0.864749031905722,0.918617733204154,0.864484981124137,0.941495862827686,0.846996696950206,0.871245643538177,0.905157321998842,0.828595793713439,0.90760602138461,0.891108673264396,0.942063581208579,0.953925830592006,0.90367437210812,0.887219257407499,0.86708144431216
"10",0.90909407780438,0.892242329424852,0.90560336734914,0.89297190912043,0.876518712047069,0.892515141111829,0.878509927735915,0.884381705977636,0.886081865702724,0.819633177234987,0.871962068802472,0.871680172280466,0.847996221586848,0.859916198302052,0.885189405341982,0.89478038299626,0.859452909256077,0.862946216030451,0.854247856240525,0.84428142629712,0.884510654597931,0.84371910924987,0.914105716967768,0.869073501511742,0.862494484403188,0.859239126965028,0.919074615387862,0.896955092945356,0.903154394727101,0.835695827243897,0.859621906766949,0.902091765733967,0.841627769306118,0.893586919418817,0.871217461884474,0.859343313735353,0.902778683086112,0.845953150521348,0.924649045241779,0.845322424217368,0.856586777385167,0.891878885788674,0.812035162337362,0.90760602138461,0.857365074574752,0.925260765029141,0.925568646364997,0.876013693342906,0.885341680747077,0.865044966605928
"11",0.901644325921718,0.885519207028573,0.901115441031831,0.870040688375271,0.829598001530109,0.866811402784334,0.876537305203215,0.872717475870512,0.878271237025922,0.809265906393518,0.867998436641607,0.858705176997637,0.833446067079529,0.845549383694037,0.879034174416309,0.877585555804766,0.847683519521072,0.858281918690261,0.848061830778525,0.819595675168102,0.865116260924677,0.823961223460185,0.907297493372323,0.867206139014795,0.847665791746714,0.851935945173148,0.892423039086783,0.889337211530293,0.872555489609104,0.824918073654618,0.851932779930376,0.896071346936734,0.828002577142518,0.885555044520909,0.850918895077591,0.848998285732615,0.888877331886211,0.819897610801533,0.922858030705757,0.826008314629641,0.850268900630103,0.891878885788674,0.805050717309311,0.896807834929373,0.850014365044111,0.909118076318797,0.910340549341601,0.863475485344992,0.879450871626681,0.863809576384526
"12",0.899903557300059,0.861790830891863,0.886098684624679,0.8642639303024,0.815923577219471,0.860031908097997,0.870383682125614,0.870716337044109,0.878271237025922,0.794633024136072,0.841592337501072,0.827939422452704,0.812098280961853,0.826022413247514,0.859259224135195,0.842428765061849,0.843400621381722,0.852349948256752,0.819867805233781,0.80052375924121,0.850441848101569,0.801153525018923,0.891193937476114,0.854238294738224,0.82871751849217,0.835213490351085,0.879186324034307,0.873255010272299,0.859768402208706,0.803575382029047,0.835926411435375,0.883727072375624,0.801589462436388,0.866538408871907,0.82796294008866,0.842843471555388,0.85995096778125,0.813217575036967,0.916602669539763,0.818594818729705,0.833264577818612,0.869100205305594,0.798990047295018,0.883956541627245,0.821690914206672,0.893594040018753,0.897213645532562,0.852817065837346,0.865273099447021,0.857154119217996
"13",0.899903557300059,0.857881587278519,0.862418965354267,0.840402752609902,0.797881687878964,0.836748800960707,0.838337520158203,0.854983556857066,0.871041855818311,0.782357350828393,0.825441947873057,0.811880095397463,0.806117337202865,0.789480141850622,0.853853139938398,0.840335735813768,0.812628772140615,0.844525956624208,0.790146252827079,0.80052375924121,0.826322158192278,0.790188952438269,0.873893494178118,0.841828371396443,0.820274021835493,0.807391245666427,0.864975631967666,0.846715068706659,0.840358180463321,0.796054572971763,0.818648410212,0.882513337967639,0.773863305438204,0.840810030246194,0.794880979986205,0.828463848203281,0.852556828282653,0.802255165469064,0.890415538972361,0.806699986187624,0.825448992398113,0.834313657093123,0.797818208517107,0.860980864204694,0.8014063828217,0.87269143716154,0.893168514949943,0.825776698506086,0.855073287767424,0.843011859313826
"14",0.8981627886784,0.856295845365175,0.844049871389926,0.826078137715608,0.795916521377443,0.81241546604635,0.824366717005545,0.853319528859354,0.851040269900505,0.769207277167707,0.825441947873057,0.791167010074522,0.781031334056027,0.771478506188873,0.839836956027637,0.838794341780275,0.784110647362237,0.828234648371517,0.758574089339585,0.798546266572921,0.817410814347215,0.781378152115013,0.844796757308813,0.828942444680683,0.812615348820752,0.79156252192692,0.860408121729886,0.819581616634574,0.813169975367675,0.779993654725092,0.807977497881999,0.875620034702156,0.758428220671513,0.832671271468278,0.783282875553052,0.822733714789639,0.832453190298,0.772970727290255,0.890415538972361,0.785096946094878,0.813774375823433,0.813252767019211,0.784651524231699,0.835892273227064,0.787934645155771,0.8709075107167,0.887311088538513,0.824517221449773,0.843173507474561,0.803133829654662
"15",0.890713036795737,0.842216099233253,0.815819014796466,0.807744090161496,0.768964052071439,0.81127801350199,0.81896204496731,0.849008411708173,0.827689880660772,0.744075733119719,0.819702532734273,0.778537954114855,0.760546671736612,0.764717371837572,0.817844307156527,0.837590905648,0.768662357712094,0.813991177587436,0.756531292019809,0.792308598425492,0.803601866908747,0.76304416382452,0.831649326614275,0.812517078649986,0.808162117597988,0.770641837608208,0.843213500286732,0.811386281683152,0.812045864599143,0.774781364304942,0.807977497881999,0.861793352252121,0.753966390508651,0.830730010919017,0.767194790298753,0.798215841295037,0.813716457788158,0.77171693516827,0.877240068981624,0.783247749949828,0.800096838499042,0.799737875256769,0.784651524231699,0.822667479148682,0.767249905942991,0.8709075107167,0.865734971445463,0.806255059698223,0.829957123191144,0.77631567673194
"16",0.872816992656539,0.831340816087475,0.792930233723713,0.800124816375157,0.76135993882386,0.799394358033428,0.814712361376486,0.835412718704853,0.826189606436766,0.720767914334497,0.795876067157365,0.770275343480959,0.755851003709082,0.75822656618293,0.79053794795315,0.818345179357098,0.75674758990613,0.807434859048211,0.748560104466943,0.792308598425492,0.801575922517256,0.751638284383506,0.815158256931711,0.796826275399606,0.782787083320688,0.768691245300909,0.841093348651718,0.785539927204972,0.798481502726291,0.774781364304942,0.803593094223836,0.828336490244179,0.753966390508651,0.815412264188587,0.74181570131251,0.773413994465404,0.76998143807983,0.761372037118477,0.87052110053728,0.76510563532375,0.777011775279254,0.768122653837618,0.773974872641361,0.817249458036497,0.750923785189714,0.846010093747717,0.864094108469334,0.790689393004436,0.801373280702718,0.758402769199042
"17",0.864965823077809,0.808738083747041,0.792930233723713,0.7866007142469,0.743525517764835,0.792934291245522,0.804433730314699,0.816853121762279,0.819208181722038,0.710220119500397,0.764433522588751,0.754799341664539,0.745367113936012,0.749862645025444,0.769182997924588,0.816803785323605,0.750545871527326,0.799254870012432,0.739447785185128,0.77609040763328,0.783583774063126,0.738606489790108,0.803496929644736,0.784814588994138,0.755114360799944,0.754378111219899,0.835284470334335,0.779313631497047,0.764626426608007,0.769782413396502,0.779639612819881,0.813991436479603,0.75215649790556,0.809901649653627,0.736271294500296,0.767683861051761,0.76998143807983,0.74112549346131,0.854272632082921,0.752816440032792,0.76408334813932,0.7474618353105,0.757490911329516,0.810692170812399,0.745181643492841,0.838348312028038,0.849696377231208,0.766984686353299,0.776003396220992,0.752013415465459
"18",0.847152266167409,0.796409753484043,0.772052129433513,0.761331011998624,0.714364288202948,0.792934291245522,0.797549717367672,0.801256289932555,0.802143119201957,0.698695152830468,0.751571090326701,0.743008726862948,0.726411298250086,0.738623952008387,0.751682377309186,0.777919562007627,0.729797546179244,0.789794764017259,0.723890081828659,0.769852739485851,0.777832769328071,0.712719179955753,0.790800145271228,0.784814588994138,0.74028566814347,0.739066202561919,0.826550476561268,0.745592520737958,0.753435802246972,0.763122149985791,0.765040107185301,0.795624994294758,0.750943851791496,0.808724021098002,0.724806804687957,0.755614661715233,0.741133457446855,0.732574154056649,0.839836062601059,0.752816440032792,0.76291061981008,0.72984100539834,0.746996989096673,0.801012283365192,0.73191289299489,0.824587528898596,0.823631661861999,0.762350545647188,0.762964619984731,0.747467900257986
"19",0.810805463628513,0.791438046956689,0.7545563660139,0.752118433431286,0.714364288202948,0.778889509621456,0.785302751881569,0.793195276436605,0.787337879927157,0.696786750364258,0.738572248858583,0.737133910704317,0.712295696346778,0.707093084656873,0.734750754544572,0.771507816182303,0.71788277837328,0.773817596264053,0.716321471115215,0.752883748596456,0.771284820589152,0.703908379632497,0.761569904582336,0.777328263515976,0.726241799128932,0.708972511824287,0.826550476561268,0.741163008301067,0.746497867464421,0.740999884713476,0.735425292606503,0.795624994294758,0.738274603569859,0.795242993957196,0.714134762708249,0.73053703705354,0.734937344752329,0.724640326170098,0.839836062601059,0.747252140277906,0.76291061981008,0.724163520711205,0.74093631908238,0.789598096932424,0.726170751298017,0.808333332365098,0.806282528833484,0.762350545647188,0.752764808305134,0.733133001173694
"20",0.809064695006855,0.791438046956689,0.7545563660139,0.730118251796497,0.71013066737772,0.777191844554519,0.761592010187359,0.780855997950864,0.755239481186415,0.696786750364258,0.714012413743413,0.721873918116264,0.707105802754417,0.700331950305572,0.733595464316256,0.769711669615853,0.712435864662732,0.771925575065019,0.707395660660881,0.737823397760369,0.757304583221397,0.672052480757708,0.744993241997688,0.771292859011123,0.719982163369075,0.696355089131594,0.812162162029638,0.725501644538886,0.738728977740205,0.739709062413729,0.717327713454974,0.789347642947073,0.700894639335442,0.780998334822755,0.714134762708249,0.715510868682576,0.721222806510231,0.710287408567447,0.821388190579484,0.740328594252625,0.747839479774839,0.71902669413707,0.727338841675323,0.783564075842707,0.720674605498695,0.790229035528476,0.792712976108642,0.757716404941077,0.735443285497852,0.705927854058823
"21",0.792909419489316,0.778811347941987,0.746685686811558,0.728083235106735,0.703029101697819,0.776054392010159,0.75364586639728,0.765882995663092,0.753308600130465,0.695303941767498,0.708971536828264,0.71437931775504,0.703413607701066,0.672886765885707,0.725799489256752,0.756340261497308,0.698355868929183,0.763568906154521,0.693699008945748,0.72467168697759,0.749527634094851,0.668221660587595,0.731649301876371,0.765434096351798,0.715528932146311,0.672199694604782,0.795578933076457,0.719868269371293,0.738728977740205,0.717729057559435,0.711751706830205,0.783668074089575,0.694622916569488,0.776665348843419,0.701695552821088,0.714355656674786,0.692982806422824,0.690080206501647,0.814669222135141,0.72000546414384,0.719422161658157,0.714987616937459,0.721095442303536,0.768619044731346,0.713491954713048,0.782476419259882,0.791613581532237,0.737131684210445,0.734304289554453,0.704084015532713
"22",0.792909419489316,0.776996751190797,0.729536331432111,0.713951121188736,0.693858568025712,0.742736600640103,0.749396182806456,0.751888585418746,0.726274750330915,0.689886600765615,0.692757087294633,0.707998666989648,0.68901620304048,0.653403834564867,0.713729472703013,0.756340261497308,0.68527708555202,0.735583924880748,0.692502932521784,0.711107363341589,0.732504321858969,0.668221660587595,0.729742974134182,0.752466252075226,0.700700239489837,0.664129209993628,0.775920158573753,0.690291311106994,0.738728977740205,0.712730106650996,0.698216487647453,0.769881467558609,0.669422447977422,0.759589973743678,0.690856346832764,0.713200444666997,0.684042441109947,0.684213190914916,0.784665314454887,0.698542527101325,0.694244247822026,0.714987616937459,0.706920816635583,0.751181787071542,0.702460127588969,0.769971744713895,0.746954133373428,0.729978589391708,0.722185759382749,0.697428558366184
"23",0.791168650867657,0.746258792091228,0.711079032987988,0.70940886703959,0.681657893076697,0.736676406495011,0.725325237471802,0.750716900421821,0.691339629662678,0.674503011870419,0.682261057724058,0.692176725850067,0.67428511278236,0.653403834564867,0.701073163771746,0.745563382098603,0.678327842412538,0.729027606341523,0.685709916302724,0.705119094276159,0.724313714305765,0.652759197047699,0.718457329441816,0.737255603321971,0.682948323042494,0.652017155957664,0.77467879049415,0.685861798670104,0.737289185810138,0.691786553192482,0.677381515647411,0.755200070067933,0.658971246244494,0.743278230637571,0.673879454962769,0.706940781179658,0.660717434781021,0.675661851510255,0.767464345513691,0.684678642175548,0.680345836116026,0.714987616937459,0.698928430224989,0.72811420495686,0.691260241719897,0.755592309174153,0.746954133373428,0.714412922697921,0.705092526047676,0.677710576482208
"24",0.781298475402993,0.73970134365053,0.683398159631712,0.708174363115865,0.669457218127681,0.710929110089029,0.71801662594679,0.735043408589315,0.671435990087478,0.660318936096531,0.676142936054625,0.658624536624898,0.666640144661431,0.623178309272112,0.701073163771746,0.726651145729538,0.67288092870199,0.722273614628973,0.669492000877925,0.691113799118812,0.707290402069883,0.652759197047699,0.70717168474945,0.720354233917295,0.676074473669689,0.627661093238802,0.7587255371306,0.679338515040492,0.725369633008007,0.676165804505125,0.675417218995122,0.747708984312263,0.652956225650641,0.730377203310453,0.667479439367418,0.706940781179658,0.638572520969101,0.658383813029451,0.756792196029183,0.67887687559723,0.668919471612506,0.701876281439542,0.668057668884863,0.71617675238971,0.672520187830872,0.726975403906782,0.734429993334849,0.679620257687147,0.680954462924125,0.675866737956098
"25",0.76911309505138,0.725520039264907,0.675615684909152,0.692615244297846,0.6677398961463,0.697908002076107,0.707087460719197,0.728800828541938,0.661523504468353,0.641804703022479,0.666496111858088,0.658624536624898,0.661293775643191,0.621109495811106,0.685740672936899,0.714483173743268,0.655606831731832,0.715519622916423,0.663559169989733,0.683148037385092,0.693221290462036,0.637134383141985,0.703064822138678,0.702591813573671,0.671621242446925,0.619590608627648,0.738605800231763,0.667608795522148,0.718040635180681,0.670953514084975,0.669254329948624,0.746495249904278,0.65114633304755,0.713881828024398,0.663535036454042,0.691914612808694,0.636597634948723,0.651899285924609,0.750269875710924,0.658835430866896,0.656915520730653,0.69783720423993,0.658140894912915,0.710906806676843,0.649657490366427,0.714274859486266,0.726931703947289,0.659675128016543,0.655762186489555,0.66664754532555
"26",0.758668483321427,0.720548332737553,0.664951019133284,0.686838486224975,0.63902077004138,0.683904306534395,0.687248992936081,0.706565757064681,0.650439686814551,0.616769005763678,0.65288010386671,0.656856830904839,0.652801809973962,0.608420098747771,0.671724489026139,0.706530033884451,0.644932237711228,0.704791843827931,0.657626339101541,0.676979221852645,0.670802158472572,0.630253750320296,0.697372770787394,0.690857330407971,0.665957702149141,0.605092959635584,0.719990213669212,0.653234529353871,0.704376483252706,0.648315804877383,0.669254329948624,0.74081568104678,0.64914734784105,0.705490053811578,0.641854853786834,0.679259160790377,0.630401522254198,0.63578636686708,0.74401451454493,0.644971545941119,0.65516520602308,0.686447734748912,0.6412342110564,0.709546008467535,0.626350517149112,0.691693789809664,0.717627994490234,0.657795339526277,0.654623190546157,0.665412155104147
"27",0.728701585814655,0.700812817000047,0.654028149797033,0.670172933752278,0.626211834174629,0.671384045601396,0.679616028949687,0.675516341532119,0.638526665198675,0.606971917567327,0.64030577141999,0.648523789385538,0.644940693466335,0.601929293093128,0.664413967872149,0.699102508382145,0.617511873251705,0.685143168109562,0.630279034452609,0.659982007839895,0.654491419649149,0.61757289707245,0.678031118027511,0.674431964377274,0.654165173301423,0.603326882239339,0.703405137143469,0.653234529353871,0.703252372484175,0.639717513032063,0.663678323323854,0.724615268913818,0.641662978961033,0.699145777910525,0.635071264379322,0.673853442620008,0.616793335774011,0.629106331102515,0.7368522052431,0.638600493201713,0.639764731680666,0.671799517251072,0.626700812567524,0.708483571674457,0.613345500470542,0.68332252113077,0.704427253766967,0.642052131887352,0.632940727356559,0.638541989060196
"28",0.712546310297116,0.678308154914258,0.643193484940563,0.663788163889665,0.60022691410214,0.652633336923225,0.669092901130139,0.658133175466351,0.632716572518624,0.586549282027066,0.627068469959262,0.623441648767015,0.624243608339369,0.590494902117909,0.64965047488809,0.697899072249871,0.593322014807056,0.678586849570337,0.628747066935549,0.638024549476349,0.65265711804626,0.612188146600962,0.672808083172578,0.660906199165912,0.630358218400433,0.595506885365932,0.687953076997224,0.653234529353871,0.701399333274548,0.638213351220606,0.655736948889024,0.699821810030336,0.63539125619508,0.693055163561878,0.635071264379322,0.667878765123639,0.598008147744343,0.627235027462419,0.719670114777922,0.634472999356234,0.627577912730136,0.658924637305428,0.626700812567524,0.702151189168511,0.602350458917435,0.68332252113077,0.692941212934059,0.627745942249878,0.609264339889243,0.626243567682135
"29",0.692330731046225,0.659502319584728,0.634159098827559,0.661945648176197,0.59402812677539,0.638807008760481,0.667613560221346,0.656384417947984,0.618323116257225,0.582289636853643,0.606642903187789,0.612580298527406,0.611841853361769,0.581739585044098,0.637400309456264,0.691674982879839,0.573865264765462,0.665413378706249,0.617849585562868,0.636115909423041,0.646300812095944,0.606641045763656,0.667035316663667,0.651877717126972,0.630358218400433,0.583144343592221,0.651738695384119,0.637237469608043,0.686777707493591,0.618298241461021,0.644880225295067,0.693801391233104,0.615847198905588,0.688722177582543,0.625999226298451,0.666154593789849,0.585304823348514,0.611122108404891,0.693006164713554,0.634472999356234,0.605754162070655,0.658924637305428,0.624951825528717,0.692471301721304,0.591621295406238,0.661133191203227,0.677945844134079,0.625866153759612,0.603195922721691,0.626243567682135
"30",0.681807909537875,0.651573610018008,0.632075888539213,0.655560878313584,0.576193705716366,0.632924181994356,0.660160698055175,0.656384417947984,0.603517876982424,0.582289636853643,0.605565658433504,0.606199647762015,0.592798942199692,0.572639676784156,0.618960798281554,0.669430080397866,0.569582366626112,0.660749081366059,0.605942536593703,0.636115909423041,0.632491864657477,0.585048363997014,0.647693663903784,0.631690013351611,0.617524658460916,0.562890133680007,0.643883485166465,0.624303887358996,0.681517524976457,0.611273790783945,0.643353987504991,0.68690808796762,0.608960076514598,0.681270302498322,0.618854815587399,0.640972414669451,0.569300583260184,0.611122108404891,0.690927306588793,0.613422452549362,0.593501959117642,0.654885560105817,0.60183939817643,0.677291088522661,0.580357319199346,0.628674404468406,0.65615466656971,0.617896352373378,0.581403583513653,0.626243567682135
"31",0.668703094952766,0.61387768067164,0.621411222763346,0.647141091761209,0.562054725896975,0.611528690135369,0.659005709607765,0.656384417947984,0.595528946753539,0.576547183083459,0.581793132553532,0.593891741375258,0.586817998440703,0.566148871129513,0.605230905411667,0.66200255489556,0.565299468486762,0.644260099940043,0.594035487624539,0.613205650115729,0.631262864269849,0.580176395010519,0.635015249705597,0.627521971343705,0.615718253923822,0.555586951888127,0.642030724596888,0.609554175237848,0.657353013954762,0.611273790783945,0.624483714667779,0.673013735272426,0.602499261145236,0.661112990018471,0.608182773607691,0.639492787418388,0.549954551676666,0.605255092818159,0.684133345052997,0.601802126517513,0.591751644410069,0.640606824410994,0.60183939817643,0.665128731237357,0.578976899077875,0.619919251909929,0.650468673010961,0.606617621431777,0.567448618513213,0.619854213948553
"32",0.661751469540594,0.5968864420933,0.619590744540637,0.63545950534642,0.540758709713623,0.598940788954093,0.657850721160354,0.638012272263121,0.595528946753539,0.563804098613483,0.56738295669381,0.588349531767943,0.568311561649179,0.553745926847133,0.592005598629612,0.647147503890948,0.561016570347412,0.621668808190736,0.586064300071672,0.596681480487294,0.625511859534794,0.580176395010519,0.604518669487188,0.611654526247799,0.598546883113149,0.555586951888127,0.635610453789531,0.592412364191437,0.644030785886545,0.597015139888061,0.616442698842667,0.658440083945978,0.594047044618808,0.645268694603928,0.594518296280808,0.634087069248019,0.545546512044715,0.596516086135793,0.667729868324576,0.588295564653814,0.583000070872203,0.636567747211383,0.587951528852917,0.665128731237357,0.56250003959848,0.60190180220583,0.639215360401468,0.598844215179087,0.567448618513213,0.598373221592132
"33",0.659759472571317,0.57690150580748,0.618371005955743,0.622561895352146,0.533889421788099,0.591360297121031,0.65360103756953,0.616044635684349,0.588536023885979,0.55763605097385,0.55385355594722,0.582807322160628,0.557353147105381,0.541252227741961,0.579755433197786,0.63326088273875,0.559852554776214,0.610119007823203,0.575606522100279,0.595523640531168,0.614314407128861,0.576345574840406,0.590724083044841,0.602068123274068,0.592287247353291,0.551233136980516,0.620631177440147,0.587982851754546,0.621035220856539,0.590998492642233,0.600608548184156,0.656628567047806,0.588372568341882,0.640935708624593,0.580741412208488,0.617855571550964,0.53935039935019,0.589836050371228,0.648914266552581,0.575238432712558,0.577183052230436,0.620264689077496,0.587951528852917,0.661219583733798,0.549382103495856,0.593334663652407,0.611742510279546,0.587560808195803,0.565748649899947,0.587918638740181
"34",0.646095658790114,0.571240846325211,0.594999150299227,0.608429781434146,0.521868167918432,0.579577616089578,0.647447414491929,0.611733518533169,0.572867253587793,0.552218709971967,0.540237547955842,0.570433382120216,0.549073604243703,0.52134222552217,0.562563868978161,0.618701659486684,0.558688539205016,0.602550923027064,0.575606522100279,0.584725133464406,0.593691013067978,0.562741145158601,0.577495937192675,0.570178013523508,0.587834016130527,0.524102636321455,0.612710696920345,0.586440911322076,0.611522348760921,0.579461556530787,0.58307387531596,0.641628226108854,0.588372568341882,0.623295463663346,0.579669393621806,0.593102362132544,0.522756113003356,0.568500661230223,0.642391946234323,0.561494404025427,0.558311015904736,0.612791724272208,0.563090114461823,0.646503401833827,0.545416588377744,0.593334663652407,0.602438800822491,0.562596624488353,0.565748649899947,0.557567101071729
"35",0.63889713525507,0.559601469017128,0.581294267715757,0.592998732885175,0.509625931159771,0.577702583643672,0.630944813125069,0.603672505037219,0.572867253587793,0.539943036664289,0.534666111762221,0.563706792031663,0.535895820943994,0.51494217469032,0.550596410356251,0.606721343955705,0.535900152207499,0.60092725253051,0.571205658729146,0.578556317931959,0.584519505053536,0.546986298450704,0.57068771359723,0.564319250864182,0.581661902962526,0.517038326736477,0.604170274477973,0.580214615614151,0.605431211302123,0.562018676262781,0.581882272349354,0.633947878047889,0.577921366608954,0.617784849128386,0.563782110262687,0.581721966465806,0.505235341584649,0.562633645643491,0.626895417641737,0.556245130732984,0.542296553353809,0.598415538687517,0.548949830705801,0.642594254330268,0.530256058681999,0.58082998910642,0.594063053089161,0.562596624488353,0.549233439838404,0.551786195642853
"36",0.605851899223224,0.544735156266807,0.572784987833341,0.581317146470385,0.495989498908059,0.566761985841298,0.62299866933499,0.592008274930094,0.557814057820109,0.525635267175142,0.527785391963536,0.55310055771131,0.525039307358347,0.491603409786038,0.522635036563253,0.600309598130382,0.515995128062818,0.592838934322492,0.563047962348799,0.557334783953651,0.551666621108901,0.540047617677842,0.555053174197373,0.552865485393504,0.56412821678827,0.508207939755255,0.593143479660961,0.580214615614151,0.605431211302123,0.543917585270904,0.580356034559279,0.632734143639904,0.567062010990408,0.61345186314905,0.542292270934308,0.579997795132016,0.499629275148627,0.544227843604842,0.608700926377294,0.550995857440541,0.536808869019216,0.577518264608126,0.536524192076656,0.627358178916673,0.518328798512017,0.579573880522965,0.578758944112873,0.544334462736803,0.536578028224855,0.537377832305736
"37",0.601560476666207,0.524572792750212,0.544952175264578,0.574739875631479,0.494024332406538,0.560879159075173,0.609696961518079,0.555657446179261,0.556065827103219,0.516995874807251,0.522744515048387,0.540471501751642,0.520061836573538,0.472984088636989,0.508660583052322,0.58725069369222,0.498316535004788,0.581755157830764,0.550021860414747,0.532033090572781,0.535527172214766,0.530944434186585,0.549830139342441,0.551174764742084,0.540440448342062,0.493370504116137,0.579061569966645,0.571230699258978,0.598493276519572,0.540209456662211,0.580356034559279,0.620908240393335,0.548644837110279,0.609118877169715,0.531092243642444,0.566773383787699,0.499629275148627,0.544227843604842,0.598119972355442,0.545019167450012,0.526306980773776,0.576420515233602,0.514375536488959,0.603918470195451,0.500898650214394,0.573343275476715,0.568355840079412,0.529720071115079,0.531248191774326,0.531596926876861
"38",0.573259871782815,0.502820742730057,0.53864377072456,0.556101281100979,0.492127589345808,0.559181494008236,0.609696961518079,0.533030641533554,0.550007777930283,0.516995874807251,0.521364750395877,0.51010878464343,0.498549857863796,0.466758952236618,0.508660583052322,0.574784499688236,0.483106636345044,0.570403030636556,0.548825783990784,0.519714066502822,0.511180664271701,0.519466569894562,0.544607104487508,0.543448639585812,0.535987217119298,0.472533506295703,0.54531134141309,0.553327591296865,0.592679452505552,0.526761465528166,0.569499310965322,0.611661393597178,0.542373114344326,0.60794124861409,0.516243340983442,0.562522877625119,0.480910476925849,0.517627729243962,0.598119972355442,0.545019167450012,0.521992024768423,0.574545652193805,0.506467890719575,0.585279125974395,0.495324567262514,0.56620931161842,0.546427355191417,0.506281980166839,0.519731776104176,0.515720497050194
"39",0.564556028674521,0.491720549336648,0.53864377072456,0.539628229604576,0.48263392918537,0.553858879764689,0.609696961518079,0.520133574341147,0.548076896874333,0.511578533805368,0.516021353582502,0.492935507992356,0.493854189836265,0.444484154904675,0.501530210776419,0.564007620289531,0.472803529281474,0.544310070561818,0.541257173277339,0.505486402379555,0.499983211865767,0.514594600908066,0.527806726995014,0.534995036328711,0.514229485412638,0.472533506295703,0.543458580843513,0.531940588389689,0.588543380756949,0.50549490022256,0.554185606394237,0.595276225372558,0.5366986380674,0.593174796213642,0.512298938070065,0.55654820012875,0.47452755127352,0.506204398743667,0.576888050250339,0.538333088248163,0.507169136804343,0.561979050406619,0.490155897380076,0.575599238527189,0.483060914520552,0.56620931161842,0.546427355191417,0.498508573914149,0.506132027198047,0.50183975396412
"40",0.55577397578783,0.482040423901004,0.518654667953078,0.52930921738256,0.467667452981019,0.538680868599361,0.585318728650107,0.506064822151816,0.535492804996525,0.499993145163852,0.499021758580449,0.48739329838504,0.489158521808735,0.433336216710411,0.491184482301786,0.555026887457277,0.451759112747761,0.529286435402446,0.529014233215079,0.501226226900416,0.485117156254057,0.513553452091684,0.520905195043965,0.51480733255335,0.506250967707544,0.466413613991848,0.538891070605734,0.520210868871344,0.577352756395914,0.494401723640405,0.547836906083783,0.587595877311593,0.530426915301446,0.580975938588097,0.498538101960117,0.554643892114103,0.47452755127352,0.493722784781111,0.561412406094229,0.514074099025846,0.493931251051732,0.554967360792687,0.464216856531423,0.555662275425773,0.481186468644873,0.56620931161842,0.540974089856084,0.484841549899034,0.494793219575051,0.500257432256106
"41",0.531390303910621,0.46210297063204,0.514166741635769,0.518862134891495,0.466516830107727,0.517095426529009,0.584163740202696,0.500582020003711,0.521754915754289,0.495733499990429,0.4939808816653,0.48739329838504,0.487873246077276,0.433336216710411,0.476157296494366,0.530594097192094,0.447476214608412,0.520640422490861,0.517930243014916,0.499743233700986,0.463283574905636,0.509722631921571,0.495872334676376,0.51367453283672,0.487302694453001,0.451022233917228,0.527507116122835,0.512867766862025,0.570172687808727,0.479348608824983,0.547836906083783,0.581916308454095,0.514245531427349,0.547158666739158,0.460010530707356,0.539409427996923,0.458283190130871,0.485366954036174,0.559258554878016,0.50850979927096,0.469873654605795,0.550928283593075,0.456224470120829,0.554301477216465,0.481186468644873,0.553197492485287,0.517061876286597,0.470535360261561,0.478100401466353,0.48526946116423
"42",0.505829914106112,0.458193727018695,0.500930933608654,0.505145531786944,0.460565887301118,0.51096759213564,0.571916774716593,0.500582020003711,0.508532791527566,0.478506138679878,0.492903636911016,0.48739329838504,0.468363336311573,0.417599516395257,0.461310259565032,0.528610294170351,0.446312199037214,0.495013486291928,0.493882395971926,0.489619772570098,0.458761570558209,0.509722631921571,0.494756162432216,0.5119838121853,0.471559862990434,0.441008557447981,0.498433595098245,0.508438254425134,0.562337567978526,0.473128514973584,0.546310668293708,0.554316856144055,0.502110239781061,0.536612896523289,0.452538496525323,0.521110764700844,0.446169911993546,0.473943623535879,0.551278486942548,0.495452667329704,0.462123453187778,0.539367637792075,0.449874712360626,0.535219120014316,0.477220953526761,0.545698448510266,0.492978229864429,0.461756729244181,0.463863183291607,0.480723945956757
"43",0.474162139687715,0.457131264104685,0.494622529068636,0.497775468933073,0.454435523415161,0.49890656928811,0.566512102678358,0.494339439956334,0.496399158511448,0.469686222319356,0.475844345355458,0.471404402215204,0.455679778576694,0.409235595237772,0.446823910636366,0.515849611749904,0.43762564511286,0.48366135909772,0.48141032958883,0.484201757134834,0.448621226325518,0.509722631921571,0.487918497780289,0.500706688560149,0.448642779348897,0.439242480051737,0.480821571816468,0.502804879257542,0.562337567978526,0.457770590428187,0.539891107602389,0.549851021694543,0.477149919327931,0.528984754304105,0.440361616351841,0.508792732343196,0.434056633856221,0.471876811236059,0.525464386206454,0.487560072969082,0.44180176516471,0.53755805399457,0.443561627913825,0.521101343608751,0.467337397441339,0.530811868383378,0.483133052007649,0.430920036347483,0.448647526616956,0.460496596684186
"44",0.472170142718438,0.444913156181718,0.469187934715246,0.490764206936477,0.452538780354432,0.492356693644507,0.55845454011398,0.480124351834014,0.490589065831396,0.467958343845778,0.471880713194593,0.465278867369067,0.450702307791885,0.397360005547326,0.433215707880624,0.51464617561763,0.427775075617309,0.468793540207923,0.468656559723853,0.470154639478583,0.431906938416218,0.497911982162213,0.470578253839307,0.491120285586418,0.430261099463203,0.426695423366971,0.47031640088898,0.490314452789609,0.542872794423564,0.442306992431645,0.521020834765177,0.536680367081374,0.468879211355477,0.527227125934793,0.421617918690628,0.499016663666458,0.417059518889128,0.460142780062596,0.518942065888196,0.477514436572051,0.426890292969562,0.514389920926318,0.438078106160428,0.501399562594617,0.455227813808672,0.514316429901623,0.467165255253714,0.420065221706293,0.442756717496559,0.454368759768699
"45",0.453307490742929,0.430046843431397,0.461575459073289,0.490764206936477,0.446831410167581,0.492356693644507,0.537802501272899,0.480124351834014,0.476955158591271,0.460632600377685,0.462233888998056,0.45500084236828,0.440430840826367,0.392742315395526,0.42343897725678,0.488229582330704,0.415363170811834,0.461225455411785,0.463059619928757,0.454922651750129,0.418033847508735,0.485993321236208,0.466471391228535,0.479285241026476,0.415321209793447,0.403689451375603,0.455410944274338,0.475266412935918,0.517652786906289,0.43478618337436,0.519242349376844,0.524107494958393,0.461205749872051,0.512649413454722,0.41361789919644,0.473729635235948,0.408119153576252,0.45078626186212,0.492169277916382,0.466899514013932,0.411241566555989,0.50051474149602,0.43183470678864,0.485263706529236,0.432725704129723,0.514316429901623,0.458094274020075,0.405138720634866,0.440811408807421,0.443305728612042
"46",0.453307490742929,0.422737261153518,0.45307380759756,0.480317124445413,0.434166179709813,0.482170703242883,0.523116595176952,0.47213301426827,0.475454884367265,0.435952153194928,0.445110537536882,0.448875307522144,0.428044107693285,0.370320675188728,0.419188183288299,0.488229582330704,0.397030802702718,0.447981307018542,0.45746268013366,0.445124343862546,0.405302837650997,0.485993321236208,0.460698624719624,0.461346178837326,0.402187724660785,0.397569559071748,0.443053012777274,0.45818650022545,0.49014903473691,0.429416742263395,0.502821316296605,0.518427926100895,0.447401946029959,0.500411672078021,0.41361789919644,0.453411018632323,0.406144267555875,0.444301734757278,0.486268068105677,0.45324575178726,0.402990507024675,0.47675855728304,0.418829588497129,0.46962973940105,0.423074297127114,0.47910525875057,0.445297694372907,0.392534778542521,0.440811408807421,0.441461890085932
"47",0.447024071216635,0.411994672803864,0.435167915114423,0.458012395834237,0.426562066462233,0.467952777242946,0.513462239547893,0.457890572813301,0.474283552332589,0.418795135677783,0.439539101343261,0.446922916768235,0.416062519381205,0.370320675188728,0.411392208228795,0.48181783650538,0.383235648925553,0.439624638108045,0.436160549033677,0.426037943329472,0.40407383726337,0.476507389062142,0.451802664638746,0.461346178837326,0.397734493438021,0.380198743217111,0.440932861142259,0.448591641679908,0.474024943634745,0.412869297713225,0.496658427250108,0.50082902346829,0.439917577149942,0.492959796993801,0.406834309788928,0.441341819295795,0.396130161487902,0.444301734757278,0.484385858107,0.438403501888583,0.392484264808257,0.468645902767068,0.412768918482836,0.44964529445016,0.405730587187482,0.461137655596038,0.439844429037574,0.386020849346143,0.419805604989398,0.42881653722126
"48",0.433715146724519,0.392009736518044,0.433948176529529,0.438462741702657,0.422328445637005,0.444191711609634,0.488773146799928,0.450643161431798,0.466725228935647,0.418795135677783,0.427547023581981,0.436316682447881,0.416062519381205,0.368447559685885,0.399142042796969,0.477389893701799,0.371177805933259,0.437534943735685,0.427321231947727,0.420049674264042,0.39149389021253,0.459727331073023,0.445139049046189,0.461346178837326,0.377971894448318,0.366652911955375,0.425933154120655,0.444162129243018,0.474024943634745,0.407499856602259,0.491082420625338,0.48280343122318,0.422553604002237,0.478239679005308,0.39883429029474,0.440186607288006,0.379133046520809,0.436816520196898,0.471559857406278,0.430927462577427,0.380006833502657,0.464606825567457,0.396574141656159,0.438770278676088,0.403953960608721,0.448014328639752,0.435799298454954,0.369245777384128,0.405317815847491,0.423035631792385
"49",0.418647993784954,0.388100492904699,0.431937499746976,0.427407647421851,0.400541514371829,0.444191711609634,0.478250018980379,0.433607866167648,0.449131698399063,0.411894986079139,0.416388024997398,0.427038352894482,0.411085048596396,0.355447161117938,0.397417754717864,0.472961950898218,0.370013790362061,0.43124697589894,0.406259064074669,0.403848816167623,0.378762880354792,0.459727331073023,0.431441886697672,0.440025675345335,0.37171225868846,0.364886834559131,0.41878489409903,0.43169151617713,0.45510432655319,0.397131464582855,0.480411508295338,0.469506861018173,0.397933827866034,0.464758651864502,0.38772942870794,0.425091742576779,0.368217795187556,0.432203296732151,0.471559857406278,0.425678189284984,0.375691877497304,0.460567748367845,0.38182003632584,0.427764673289734,0.398910688982021,0.446758220056296,0.422769990584369,0.369245777384128,0.404178819904092,0.416019336142106
"50",0.409865940898263,0.376032154021971,0.422835108633432,0.412777111638916,0.373680210285648,0.438869097366087,0.467320853752787,0.419721819356146,0.424756268974924,0.410167107605561,0.404698467134344,0.409396405223894,0.401589609952987,0.348686026766637,0.385167589286038,0.457466839634862,0.368025750265809,0.417293340659562,0.385396636375974,0.386980886300949,0.37019667355561,0.447646319781199,0.431441886697672,0.420077771248085,0.36249150782313,0.349901613660595,0.41878489409903,0.427262003740239,0.446438251781325,0.377414804062186,0.461727046722082,0.447498289780041,0.377517668779405,0.456550509831631,0.37865739062707,0.41911706508041,0.360046796472652,0.427590073267405,0.46503753708802,0.420428915992541,0.363256806475614,0.454969646602355,0.350517265801881,0.426702236496655,0.398910688982021,0.430861247770049,0.41872486000175,0.369245777384128,0.391080597672745,0.409437343228402
"51",0.394298231247059,0.364502999053919,0.418347182316123,0.402330029147852,0.367549846399691,0.41490730304516,0.455253990086906,0.401865139780391,0.414965300028158,0.395941214538825,0.391629144618779,0.39785650910981,0.392707521307275,0.33744733374958,0.385167589286038,0.455670693068411,0.355967907273515,0.383227364156973,0.380995773004842,0.361749395354276,0.362526394341165,0.432362144142282,0.423762792446572,0.398053996065462,0.349169294510604,0.349901613660595,0.417543526019426,0.410889585564627,0.432109781827235,0.375753491559914,0.448172215910816,0.441818720922543,0.377517668779405,0.442198966817181,0.365502062048321,0.400185425274531,0.342555719537848,0.410077699205919,0.463246522551998,0.411052148854619,0.358941850470261,0.445793742828608,0.326477917799637,0.422793088993096,0.397069972065439,0.424983392495211,0.40679494670757,0.347010875626049,0.386889757165614,0.397138921850341
"52",0.378656642042204,0.35900801352723,0.396868338388109,0.395752758308945,0.362165602701171,0.41490730304516,0.449849318048671,0.394056507592477,0.413034418972208,0.380150636452918,0.38658826770363,0.391546289229823,0.378310116646689,0.33282964359778,0.374821860811404,0.449149721016748,0.347281353349162,0.368828077103317,0.379799696580878,0.345322434971691,0.358004389993738,0.404934261368695,0.413767369057737,0.396363275414042,0.34471606328784,0.338060102050049,0.407167137464264,0.410889585564627,0.422043268234731,0.375753491559914,0.424231916367051,0.426477530043857,0.369065452252977,0.412386483781193,0.357502042554133,0.391564568605582,0.340767646475272,0.393964780148391,0.44681230567999,0.403159554493997,0.352876579757335,0.436195677858012,0.307343483194114,0.402167189874856,0.387949376388011,0.420361645803828,0.388148187771834,0.339491721664982,0.379859952101819,0.381623330507424
"53",0.372624450863528,0.351602582959845,0.388637461545321,0.3912105041598,0.354145691902355,0.406979190233051,0.43778245438279,0.371622735871228,0.406793719460212,0.371330720092396,0.37677346456193,0.386004079622508,0.366613905636029,0.322209059995451,0.368260486386291,0.412880122801397,0.347281353349162,0.356010603642465,0.378014534490011,0.338980314256692,0.345769579988779,0.394149174579321,0.405987581221019,0.389929633972877,0.333688907885416,0.322668721975429,0.407167137464264,0.409092802293593,0.422043268234731,0.371037559519972,0.411848954983019,0.426477530043857,0.354504868378561,0.40242071337901,0.347961788217746,0.381788499928844,0.326943444332629,0.386226460921564,0.44681230567999,0.385344875782376,0.348561623751982,0.42808302334204,0.296849560961271,0.401104753081777,0.380134684931469,0.41125374347394,0.375118879901249,0.328016595589838,0.375669111594689,0.370821816168862
"54",0.370883682241869,0.339279490995109,0.379535070431777,0.379048976224315,0.336103802561848,0.400748742487879,0.425069170819544,0.367311618720048,0.399800796592652,0.365162672452764,0.361489955984291,0.38481969914127,0.359922587925512,0.311236036232665,0.36236894828398,0.399821218363235,0.341507552113071,0.349454285103241,0.364073389487086,0.334720138777553,0.331700468380932,0.393108025762939,0.392197110516898,0.381539188548359,0.318512669791699,0.322668721975429,0.395549380829497,0.402866506585668,0.420190229025104,0.356619395115218,0.395514091776455,0.414472854823058,0.339347038015118,0.390117314793829,0.346439306537953,0.376382781758475,0.319791152082328,0.371873543318912,0.43316854634563,0.375851732671221,0.339444314076761,0.42808302334204,0.294917844564969,0.397195605578218,0.372091845762628,0.395748510936752,0.36318896660707,0.328016595589838,0.366923928452486,0.366276300961389
"55",0.358940869788384,0.327584662071476,0.373484869452144,0.349902657332475,0.330152859755239,0.394518294742708,0.416694479244534,0.360999362742464,0.365652745732124,0.353312593014534,0.349253712645424,0.379277489533954,0.347535854792431,0.30998103014455,0.352106763754621,0.397837415341493,0.33523661387747,0.342897966564016,0.359672526115953,0.318927594839217,0.308582960825495,0.374420048225669,0.386424344007986,0.375920225567144,0.311287051643325,0.320902644579184,0.386018186916175,0.395691190985605,0.407196336423897,0.352911266506525,0.393735606388121,0.410007020373545,0.325465143679418,0.378332453730273,0.336406463537835,0.372132275595896,0.30798897295178,0.364388328758532,0.405828796076806,0.364684316827226,0.330940992610055,0.399259341271193,0.288857174550676,0.381385768439618,0.362552247692637,0.395748510936752,0.35334378875029,0.323382454883728,0.354564286938162,0.359886947227806
"56",0.348245029710813,0.318066266001197,0.352158363041715,0.344125899259604,0.319265004101751,0.374425039974651,0.401278183279161,0.359335334744752,0.353992029396108,0.329483333570676,0.338529643694603,0.367154268181049,0.33495316406403,0.299490643752834,0.341761035279988,0.388856682509239,0.329300579865143,0.337221902966912,0.350746715661619,0.318927594839217,0.301245754413941,0.358544243079371,0.386424344007986,0.362495021750023,0.302066300777995,0.312072257597963,0.371569083888911,0.387300195170765,0.407196336423897,0.331159491436736,0.381352645004089,0.410007020373545,0.319193420913464,0.368183051148141,0.315425270737202,0.363226432935978,0.30798897295178,0.362782437391105,0.39276527696427,0.353516900983232,0.311792032916227,0.385384161840895,0.283610213434254,0.364726646239855,0.357508976065937,0.382118039393319,0.341857747917381,0.313983512432394,0.338582285758545,0.353497593494223
"57",0.338047316103732,0.313094559473842,0.345659759941853,0.339583645110458,0.303119857821973,0.374425039974651,0.401278183279161,0.333504117974221,0.345498832304542,0.323142002321481,0.329110858878312,0.367154268181049,0.322844508109081,0.299490643752834,0.33149885075063,0.382632593139207,0.315254696776597,0.318713996859913,0.330909866332368,0.310287126907761,0.287064143673503,0.356990312777996,0.37486210205396,0.354041418492922,0.29640276048021,0.302058581128716,0.364158041610603,0.38107389946284,0.407196336423897,0.307456982856773,0.375003944693636,0.398050100168362,0.319193420913464,0.352836598934007,0.309252188207106,0.34943306226566,0.300836680701479,0.356297910286263,0.39276527696427,0.349389407137753,0.310619304586987,0.378300649620779,0.272202644413938,0.364726646239855,0.351766834369064,0.362422122869831,0.328828440046796,0.306464358471327,0.329061608800886,0.329577980554582
"58",0.327602704373778,0.307433899991574,0.331204213329843,0.321268077900588,0.303119857821973,0.361904779041652,0.395055877155637,0.329193000823041,0.335707863357775,0.318882357148058,0.319464034681775,0.354302143246359,0.31915231305573,0.294872953601034,0.302076936793729,0.362794562921782,0.300541935116364,0.308117729086214,0.324723840870369,0.301646658976304,0.287064143673503,0.353159492607883,0.369170050702676,0.343439735043852,0.290143124720353,0.288617793361395,0.354894238762719,0.367588486453542,0.394998219124212,0.302944497422402,0.375003944693636,0.386802474168739,0.319193420913464,0.340011407082819,0.305307785293729,0.345182556103081,0.296428641069529,0.335825295947795,0.374589046160232,0.336094808373065,0.309446576257747,0.365633563038243,0.263457709219902,0.364726646239855,0.340502858162172,0.357800376178448,0.322806456542001,0.299950429274949,0.324870768293755,0.303971302814985
"59",0.310246825206371,0.303524656378229,0.331204213329843,0.309714561754846,0.292351370424934,0.348476060532491,0.384532749336088,0.318227396526831,0.33139804490173,0.306274246522342,0.302659119385591,0.345278929612214,0.313962419463369,0.274501954626055,0.295030108463101,0.357163183985927,0.294605901104036,0.306028034713854,0.322752169952021,0.293089919371774,0.280707837723187,0.345227490735192,0.356491636504489,0.341749014392431,0.265615021380393,0.275777507173879,0.328047521924342,0.363158974016651,0.380274566842686,0.291686838522684,0.359289571475319,0.381122905311241,0.319193420913464,0.32946563686695,0.301363382380353,0.334588695079222,0.276813052258779,0.326468777747319,0.360037039286901,0.32660166526191,0.309446576257747,0.35907993308815,0.259146026244416,0.343932985130809,0.314732821330028,0.33958705659982,0.317883867613611,0.290551486823616,0.318734619097487,0.299425787607512
"60",0.299210317385337,0.28256481008339,0.331204213329843,0.297424963550314,0.277356847018447,0.341685400264741,0.368001994353305,0.289792561786955,0.327088226445684,0.296477158325991,0.302659119385591,0.322349345705283,0.296528835595752,0.265558788568406,0.288132956146679,0.339713604261475,0.281466365917943,0.301363737373664,0.320967007861154,0.271117585296283,0.274956832988132,0.339314372932314,0.349828020911932,0.33329541113533,0.258389403232019,0.269473099958969,0.323480011686563,0.352503165871836,0.380274566842686,0.28437936897711,0.346984573269935,0.375443336453743,0.301202554054962,0.325132650887614,0.299840900700559,0.332615690724313,0.270616939564254,0.315662958765134,0.353514718968642,0.319904574330556,0.296468286838849,0.353634828355558,0.259146026244416,0.336004470493505,0.310767306211916,0.331892142750269,0.305782521466751,0.280023728355081,0.314543778590356,0.294880272400039
"61",0.292247242898701,0.275159379516004,0.313298320846707,0.285871447404572,0.273123226193219,0.324987475630559,0.350361694548157,0.276825818664341,0.319858845238073,0.296477158325991,0.292046806276821,0.321164965224045,0.2928366405424,0.265558788568406,0.274395753946888,0.325686676478553,0.26808042304372,0.284646182394785,0.313826359497687,0.262477117364826,0.268408884249214,0.339314372932314,0.336979673392601,0.327994569410795,0.251759880545719,0.252102284104332,0.2997978745591,0.323909486434186,0.36677705183026,0.280671240368417,0.321028850232389,0.362529614391027,0.290940444925444,0.317782986946515,0.290504400099214,0.312223812271273,0.255570605225676,0.29538585308639,0.334804995845788,0.307556831600621,0.296468286838849,0.333697987875753,0.246566618446189,0.320798359687416,0.306801791093804,0.320643576787738,0.299219069562231,0.266160309206423,0.299300358127763,0.283318461542287
"62",0.286033181000161,0.266278429375305,0.307590655944503,0.285871447404572,0.257231292374532,0.316321782916904,0.350361694548157,0.266333273554142,0.309369460936733,0.292217513152568,0.280585287794012,0.305777124296625,0.271544535798502,0.260941098416606,0.269222889709572,0.314462920112218,0.262144389031393,0.271006687654893,0.302129887608975,0.242913324421933,0.268408884249214,0.329828440758247,0.321050166555763,0.301587665274711,0.23836569446674,0.247748469196721,0.293377603751744,0.311144280560508,0.353908675203808,0.273646789691341,0.306319866206182,0.356063000738048,0.284298121002107,0.30605958817502,0.290504400099214,0.298777536671683,0.2466302399128,0.290772629621644,0.334804995845788,0.292763262440219,0.287716713300983,0.321016373890147,0.242254935470703,0.305585245381274,0.296715247840404,0.304078529841461,0.291014754681582,0.257766591519778,0.299300358127763,0.26467343397773
"63",0.276163005535497,0.254639052067222,0.295706251583741,0.276658868837233,0.251280349567923,0.307833457582217,0.339552350471687,0.24889774317737,0.303128761424738,0.275402938941946,0.276621655633147,0.288973617784114,0.256399700636522,0.260941098416606,0.256506284358784,0.310034977308637,0.256932456676781,0.254289132676014,0.291227965581191,0.230303644145963,0.250195135300011,0.318197224770707,0.321050166555763,0.291266699520663,0.226253790229235,0.247748469196721,0.285966561473437,0.304550068016703,0.333633683981695,0.258155602871913,0.297513609138189,0.347005416247185,0.279836290839245,0.296093817772838,0.281543575685778,0.293371818501314,0.2466302399128,0.280162319299183,0.330164885526206,0.286066171508866,0.274738423882086,0.313932861670032,0.224063107841064,0.299924725067812,0.290280976505332,0.288328005180012,0.289606619928869,0.251056267189857,0.28580172067004,0.260127918770257
"64",0.276163005535497,0.244958926631578,0.293885773361033,0.264304839925455,0.242693739661018,0.30364829588303,0.326839066908441,0.24458662602619,0.295899380217126,0.262895309417379,0.271798243534879,0.276121492849425,0.240975078305154,0.260941098416606,0.243280977576729,0.293976490171751,0.237549192713777,0.254289132676014,0.273765364009711,0.226043468666824,0.241628928500829,0.318197224770707,0.315103350987482,0.291266699520663,0.219805426289514,0.24339465428911,0.285966561473437,0.292502674164749,0.323878678081441,0.243203790351464,0.286928866681863,0.336393247408601,0.266032486997152,0.285072588702917,0.277599172772401,0.289121312338735,0.241266020725074,0.273677792194341,0.312272921036989,0.280264404930549,0.262734473000233,0.304102416744892,0.210259979158763,0.286886979938451,0.282070078591499,0.288328005180012,0.283749193517438,0.246422126483746,0.275424300943288,0.254596403191928
"65",0.276163005535497,0.244958926631578,0.289397847043724,0.258528081852584,0.235645030656146,0.286705363621603,0.307078958587068,0.24458662602619,0.29472804818245,0.254376019070532,0.251355364968646,0.263152336959327,0.237282883251803,0.256323408264806,0.243280977576729,0.285588467773674,0.220480856372567,0.240335497436636,0.269364500638578,0.220055199601394,0.226718479994321,0.309386424447451,0.301085049637288,0.285231295015811,0.21535219506675,0.237274761985255,0.283920229573165,0.279693983397093,0.323878678081441,0.226687885541893,0.281593410516863,0.331927412959089,0.258792916584788,0.262483791431232,0.27071828485303,0.26363250210648,0.229416704602809,0.269064568729595,0.303868390720054,0.266969806165861,0.262734473000233,0.280979221997351,0.198715787391072,0.282977832434892,0.278104563473387,0.267621696497166,0.283749193517438,0.237153845071524,0.261347640212035,0.250050887984455
"66",0.263753625209939,0.234450431418033,0.287577368821015,0.24808099936152,0.234171281294523,0.279914703353854,0.296735932587741,0.231497122341267,0.283765747201008,0.238340371107808,0.241273611138347,0.257277520800697,0.227891547196742,0.251705718113006,0.229949918876379,0.281160524970093,0.214279137993763,0.223451261826192,0.260438690184244,0.21487091884252,0.222196475646894,0.304222072292954,0.301085049637288,0.280159133061551,0.200175956973033,0.230210452400277,0.283920229573165,0.254471888590565,0.318064854067421,0.219167076484609,0.275682769068624,0.313493710515386,0.248656610145,0.256973176896271,0.253440702852369,0.23836740220158,0.209970227931056,0.259708050529119,0.282756489945044,0.250591933363647,0.239701140230294,0.276063999534782,0.193468826274651,0.261211324184195,0.268018020219988,0.260122652522145,0.270411145470545,0.221361082648541,0.245188030985262,0.239724467348107
"67",0.259462202652923,0.224770305982388,0.285756890598306,0.237153975349762,0.215475554161574,0.268132022322401,0.296735932587741,0.222500953441397,0.275024593616558,0.232597917337624,0.241273611138347,0.245563176277242,0.218748880536803,0.247088027961206,0.229949918876379,0.279105157891303,0.209996239854413,0.218786964486002,0.249727717639043,0.205192727928116,0.222196475646894,0.29956028138883,0.289522807683262,0.26673392924443,0.200175956973033,0.221962853327275,0.254238106682956,0.250042376153675,0.312804671550287,0.214451144444667,0.265011856738623,0.301347528004909,0.244194779982138,0.252640190916936,0.240040688045961,0.23836740220158,0.202817935680756,0.24610271571556,0.278116379625463,0.249470153916683,0.216236687320519,0.276063999534782,0.186472878119422,0.257302176680636,0.253707188292981,0.245854724805556,0.251901693858436,0.198719457920174,0.233967385414337,0.232349113243668
"68",0.238627128951402,0.215200402886775,0.279706689618673,0.237153975349762,0.209524611354965,0.261341362054651,0.284989133274859,0.217254680886297,0.265112107997432,0.213462153560864,0.233346346816618,0.232711051342552,0.207859845942731,0.247088027961206,0.225699124907898,0.261959733528043,0.205713341715063,0.212032972773452,0.241390992851612,0.200932552448977,0.210694466176784,0.294688312402335,0.280192910217557,0.259971046638749,0.192950338824659,0.202641445165338,0.247438456894622,0.250042376153675,0.304173776418564,0.209452193536228,0.265011856738623,0.288433805942194,0.239732949819276,0.241425549189751,0.240040688045961,0.225262835201053,0.198409896048805,0.244035903415741,0.264431750005375,0.249470153916683,0.205398045110027,0.268104342051708,0.186472878119422,0.240204998030804,0.24974167317487,0.234214419093966,0.236950032605152,0.189124120335297,0.223589965687584,0.232349113243668
"69",0.238627128951402,0.201189075935382,0.271924214896113,0.223101359497725,0.207559444853444,0.251155371653027,0.280739449684034,0.210942424908714,0.263940775962756,0.199696347106688,0.226683091834813,0.232711051342552,0.193571715317961,0.247088027961206,0.225699124907898,0.245666240111297,0.189454923960818,0.212032972773452,0.23049351147893,0.200932552448977,0.200421457094301,0.281219429926957,0.280192910217557,0.250502162906308,0.184514411601265,0.198287630257728,0.242870946656843,0.243816080445749,0.285770691019554,0.209452193536228,0.263047560086333,0.26474423033705,0.235271119656414,0.232637407343194,0.240040688045961,0.213296186852525,0.194001856416854,0.231048080120293,0.256902910010668,0.237297334598959,0.205398045110027,0.254112247413076,0.179476929964193,0.219636241639911,0.238559635491051,0.229592672402583,0.222855827050762,0.17478723010217,0.210624537111788,0.227803598036195
"70",0.228303515215711,0.193094692413081,0.261728623676601,0.213888780930387,0.199092203202988,0.246970209953839,0.265147340006823,0.19093103664468,0.252355489627057,0.190876430746166,0.216601338004515,0.232711051342552,0.189879520264609,0.240597222306563,0.225699124907898,0.240034861175442,0.179725112110921,0.195315417794573,0.23049351147893,0.19229208451752,0.182187957570881,0.271183108785966,0.274420143708646,0.246334120898403,0.180061180378501,0.185262829159157,0.226306300803319,0.243816080445749,0.28051050850242,0.201931384478943,0.252190836492377,0.26474423033705,0.223324920613534,0.227126792808233,0.226598494107107,0.201329538503998,0.187805743722329,0.223367356900188,0.250108948474872,0.23562306186612,0.194093342133667,0.244901843522581,0.178305091186281,0.208630636253557,0.227261930325061,0.221897758553033,0.216292375146243,0.172907441611903,0.205524631271989,0.222022692607319
"71",0.228303515215711,0.185390893093992,0.252884436123442,0.20356976870837,0.193141260396379,0.246970209953839,0.251819763599386,0.183936006571213,0.230349593662807,0.184535099496972,0.211777925906246,0.227168841735237,0.182391027569559,0.228851829826732,0.221448330939418,0.23381077180541,0.173523393732117,0.188759099255348,0.23049351147893,0.180885800016826,0.182187957570881,0.261439170812975,0.2624383027788,0.240715157917187,0.180061180378501,0.176555199343935,0.217653890445408,0.239386568008859,0.26198011640615,0.196932433570504,0.252190836492377,0.26474423033705,0.210763321945619,0.199863092120498,0.226598494107107,0.192708681835049,0.177667351605381,0.218754133435441,0.243853587308878,0.222880956387307,0.189778386128314,0.229740176903243,0.172244421171989,0.19974990445336,0.227261930325061,0.214398714578012,0.211369786217853,0.168273300905792,0.205524631271989,0.208152627023942
"72",0.222518222159908,0.172302330588245,0.252884436123442,0.199027514559225,0.19124451733565,0.240806778382407,0.244675628067023,0.179624889420033,0.219981726033826,0.175308193945739,0.210002142928327,0.209626281123155,0.17554696001231,0.215740021306833,0.217197536970937,0.224642382517864,0.153574649730542,0.176270810282615,0.224896571683834,0.167525319643674,0.182187957570881,0.233439998025671,0.252202455545915,0.235414316192652,0.175607949155737,0.172201384436325,0.211040048307357,0.222494378274828,0.26198011640615,0.189750832202612,0.235069600413639,0.246236779089606,0.208764336739119,0.195530106141162,0.217637669693672,0.181328286168311,0.177667351605381,0.202415143696612,0.239213476989296,0.216736358741828,0.178179289470811,0.225701099703631,0.161277377665194,0.187490294784039,0.200646337461664,0.20328046020149,0.206447197289464,0.161562976575871,0.201333790764859,0.200527883068957
"73",0.215555147673272,0.160042419505776,0.23490637018137,0.194485260410079,0.19124451733565,0.23231845304772,0.227896088218093,0.173312633442449,0.211057922110316,0.16494092310427,0.195123677760466,0.20078775252286,0.171854764958958,0.20492373974634,0.197398326734868,0.22343894638559,0.14836271737593,0.171606512942424,0.212506615669677,0.159129952099078,0.177665953223453,0.231723717358478,0.22215948476731,0.218608053720132,0.173540843672327,0.165137074851347,0.205481766598626,0.211228967750498,0.245716010799068,0.182072872454513,0.227955658860305,0.230230545461874,0.197415384185267,0.184178166645984,0.206812378860923,0.174431600833152,0.173259311973431,0.200543840056517,0.239213476989296,0.212608864896349,0.160626447712848,0.22166202250402,0.152654011714223,0.173041255854747,0.191637550716852,0.194329437768484,0.196834747656101,0.1470296912092,0.197142950257728,0.190201462432608
"74",0.181442576152981,0.151285340161155,0.23490637018137,0.189943006260934,0.184195808330777,0.208426041603778,0.221000737551876,0.173312633442449,0.202316768525866,0.14952148315878,0.181615952160747,0.195245542915545,0.166664871366597,0.198432934091697,0.191992242538071,0.214583060778428,0.146625406591059,0.166942215602234,0.208105752298544,0.145769471725926,0.165510286874506,0.221588383721139,0.216212669199029,0.212403092049241,0.167877303374543,0.159838842662614,0.200914256360847,0.204634755206692,0.2351956457648,0.17836474384582,0.211822376361066,0.230230545461874,0.192953554022405,0.171068598781495,0.201345494267753,0.161895993158625,0.167895092785705,0.19593061659177,0.218565183492635,0.197352771541099,0.145006788731135,0.199651507711769,0.145658063558994,0.16416052405455,0.180754318096361,0.17615553246734,0.183729427832624,0.1413903257384,0.179880512131358,0.185655947225135
"75",0.179701807531322,0.140066514269931,0.221928765714638,0.180730427693596,0.171386872464026,0.204240879904591,0.210477609732327,0.169001516291269,0.187052370417327,0.140882090790889,0.181615952160747,0.186407014315251,0.151933781108477,0.17492967863568,0.174800678318446,0.194029389990535,0.146625406591059,0.153958397553797,0.195079650364493,0.139531803578497,0.160988282527079,0.208533270234407,0.204100695591024,0.20733093009498,0.153911374355846,0.148181845963123,0.191779235885288,0.200205242769802,0.225483710337528,0.170843934788535,0.201861966078132,0.218084362951397,0.182817247582617,0.16579571367356,0.191312651267636,0.153519680572403,0.159079013521804,0.190316705671485,0.217304084001511,0.187976004403177,0.138583116279175,0.191459470274153,0.141346380583508,0.155279792254353,0.166541305466273,0.17615553246734,0.17289890911485,0.140130848682087,0.171498831117097,0.17803120327015
"76",0.172738733044686,0.140066514269931,0.214646852823804,0.167942407624128,0.166234906519883,0.200055718205404,0.201858421399555,0.163755243736169,0.182742551961281,0.140882090790889,0.180538707406463,0.179151506401165,0.137001368754049,0.168438872981038,0.174800678318446,0.185048657158281,0.142342508451709,0.152334727057243,0.178047317696515,0.122228869032749,0.150715273444597,0.197235401960041,0.202984523346863,0.2005680474893,0.152104969818753,0.143828031055512,0.17764848391408,0.195775730332911,0.217648590507327,0.169836131357287,0.18804102913124,0.202005952864871,0.171609675436052,0.16579571367356,0.173837748346963,0.139043990750875,0.152696087869475,0.182831491111104,0.207893034008127,0.183848510557698,0.125050836845422,0.175124156076376,0.132418716031977,0.14893698054451,0.155881545993707,0.171533785775957,0.163167784973482,0.129603090213552,0.161978154159437,0.15911518989147
"77",0.157204262518481,0.133723546616555,0.207364939932969,0.163400153474983,0.164517584538502,0.189692360424811,0.195704798321954,0.157512663688792,0.165641216110456,0.129722296018822,0.172499687242682,0.174793677275087,0.118859426522794,0.157004482005818,0.15766074570371,0.173333495483118,0.13805961031236,0.147670429717052,0.176262155605648,0.111392838162221,0.135920260014687,0.183075877480935,0.202984523346863,0.193230286101779,0.152104969818753,0.139474216147901,0.164346979903235,0.177985696368114,0.192850036555482,0.156413119800212,0.18804102913124,0.19475988527218,0.161473368996264,0.158765200196314,0.169893345433587,0.139043990750875,0.14733186868175,0.177217580190818,0.206102019472106,0.179721016712219,0.125050836845422,0.163031802068346,0.128107033056492,0.139757887328085,0.155881545993707,0.166912039084574,0.149932998649218,0.129603090213552,0.154600256432842,0.151739835787031
"78",0.157204262518481,0.123151870520744,0.201903505264843,0.154795586697386,0.151986503300835,0.158178877073291,0.193732175789254,0.133498997771952,0.164469884075781,0.118697475091015,0.160578090528848,0.163932327035479,0.112868632366754,0.146514095614103,0.149608303158971,0.168905552679537,0.129191546933423,0.138834671827595,0.170162623512032,0.111392838162221,0.131398255667259,0.172290790691562,0.190632125894809,0.188158124147519,0.144879351670379,0.139474216147901,0.156935937624927,0.173556183931224,0.192850036555482,0.156413119800212,0.18270557296624,0.193546150864194,0.151478442963763,0.157587571640689,0.162120259004653,0.130542978425717,0.14733186868175,0.15942928967028,0.200455389476075,0.171466029021261,0.120735880840069,0.156478172118253,0.123795350081006,0.139757887328085,0.155881545993707,0.161287756103308,0.143369546744699,0.124968949507441,0.147800381979777,0.151739835787031
"79",0.150241188031845,0.116808902867368,0.195222332011823,0.142585486558817,0.136744135374208,0.146928682397857,0.185681836675626,0.133498997771952,0.151576702038388,0.118697475091015,0.148039327291755,0.15319384714401,0.108375536749724,0.137857382337409,0.140626565007269,0.157304836906607,0.110605098036782,0.131266587031457,0.164565683716936,0.104480463817055,0.122354246972405,0.168459970521449,0.181302228429105,0.183990082139613,0.132908555368639,0.129583296844655,0.145754585249096,0.164697159057442,0.188713964806879,0.139400660212397,0.163195163233188,0.182187013149199,0.1470166128009,0.155646311091429,0.15155943069238,0.123646293090558,0.136119735809706,0.150072771469804,0.182043457333381,0.157574799971158,0.115484936717349,0.147302268344506,0.116546987493269,0.135000778545702,0.151916030875596,0.151913951134532,0.139324416162079,0.12033480880133,0.139418700965516,0.1449729299873
"80",0.145949765474829,0.111148243385099,0.190734405694514,0.137057939418414,0.129874847448684,0.146928682397857,0.176027481046567,0.129187880620771,0.151576702038388,0.111785961196702,0.143215915193486,0.147319030985379,0.102384742593684,0.137857382337409,0.140626565007269,0.139396826395385,0.106322199897432,0.123698502235318,0.160164820345803,0.100220288337916,0.117832242624977,0.152746515740969,0.170306427065261,0.169227824009566,0.124002092923111,0.124285064655922,0.140196303540366,0.164697159057442,0.180083069675157,0.139400660212397,0.152182077005135,0.171317911760163,0.137011205843482,0.145802710577133,0.132736855679287,0.121922121756768,0.12427041968744,0.13353827307125,0.177403347013799,0.150877709039805,0.105682296377403,0.13096695414673,0.103207702076651,0.122210899241947,0.151916030875596,0.144414907159511,0.13527928557946,0.12033480880133,0.13771873235225,0.139441414408971
"81",0.137245922366534,0.107238999771754,0.181632014580971,0.137057939418414,0.112735736461328,0.14274352069867,0.169700979599493,0.11530183380927,0.141922296758638,0.111785961196702,0.139252283032621,0.129184067116957,0.096393948437644,0.133239692185609,0.140626565007269,0.129337504655948,0.102039301758082,0.119034204895128,0.145353556320885,0.0959601128587771,0.117832242624977,0.148084724836845,0.166199564454489,0.16505978200166,0.113028524994173,0.119931249748311,0.133508641667571,0.157510025973304,0.167849623771645,0.126763669265244,0.140582108355353,0.16529749296293,0.129771635431118,0.145802710577133,0.126927986346598,0.114845299740751,0.118906200499714,0.127924362150965,0.172763236694217,0.134113668169654,0.105682296377403,0.124413324196637,0.0988960191011649,0.117239314945309,0.133543482486058,0.135171413776745,0.13527928557946,0.11469544333053,0.13074124985203,0.133909898830642
"82",0.137245922366534,0.10548758390283,0.177144088263662,0.132515685269269,0.103252021157681,0.132098292211577,0.165451296008669,0.11530183380927,0.133181143174189,0.102108975021396,0.137872518380111,0.113409212224933,0.0904031542816041,0.124492224086122,0.130969686841991,0.123949064956596,0.0965923880475342,0.119034204895128,0.127815101338715,0.0916999373796381,0.11331023827755,0.136233110532313,0.157870044963793,0.153723535772273,0.113028524994173,0.107811709235765,0.128941131429792,0.148651001099523,0.156533483435856,0.118339608616609,0.136197704697189,0.156365824063905,0.125309805268256,0.129787074677362,0.118927966852409,0.109672785739382,0.118906200499714,0.123311138686218,0.161273328576072,0.124736901031732,0.10136734037205,0.119498101734067,0.0988960191011649,0.109421019938191,0.129577967367946,0.127672369801724,0.13527928557946,0.107176289369463,0.125411413401501,0.123583478194293
"83",0.132023616501558,0.0991446162494538,0.171093887284029,0.12330310670193,0.098100055213538,0.111534112725392,0.153824317846909,0.11099071665809,0.128871324718143,0.095197461127083,0.131669341629332,0.113409212224933,0.081364590210013,0.116999762074751,0.122348246446464,0.119521122153015,0.0965923880475342,0.114369907554938,0.123414237967582,0.0916999373796381,0.104398894432487,0.125814040708512,0.144401475267578,0.145269932515172,0.106580161054453,0.102513477047032,0.110643895923298,0.139791976225742,0.139321355665803,0.114631480007916,0.136197704697189,0.156365824063905,0.125309805268256,0.119943474163066,0.111039161025656,0.101171773414223,0.118906200499714,0.118697915221472,0.153744488581364,0.118039810100379,0.10136734037205,0.115459024534455,0.0988960191011649,0.103078208228348,0.124232032128364,0.117172767835502,0.12499023526141,0.101536923898663,0.123711444788235,0.11719412446071
"84",0.125060542014922,0.0943873905094217,0.155735278183457,0.111749590556188,0.0927158115150185,0.103045787390705,0.153824317846909,0.10574444410299,0.124561506262098,0.095197461127083,0.126097905435711,0.106338389344698,0.081364590210013,0.110125409478106,0.113846658509503,0.119521122153015,0.0850794666108086,0.109705610214748,0.113555883375842,0.0820217464652346,0.0988959896238218,0.114353822068328,0.140294612656806,0.139650969533956,0.102126929831689,0.0981596621394214,0.105085614214567,0.119893111370189,0.1351852839172,0.106324917496556,0.136197704697189,0.148858317707126,0.118070234855892,0.11561048818373,0.106239149329143,0.0959992594128542,0.112710087805188,0.104230229122737,0.143203168451077,0.118039810100379,0.097052384366697,0.0943098035644542,0.0945843361256792,0.103078208228348,0.110955066652558,0.117172767835502,0.120945104678791,0.0946380813715501,0.115033993674749,0.110427218660979
"85",0.125060542014922,0.0771199185992302,0.140709224569206,0.100630065568136,0.091242062153396,0.0988606256915176,0.142400680926249,0.0913103663417052,0.117568583394538,0.0897801201251996,0.10983967561534,0.106338389344698,0.0676538148043525,0.104506062969578,0.102420036766345,0.112336535887211,0.0807965684714588,0.105041312874558,0.100663335063166,0.0777615709860956,0.0988959896238218,0.106692181728103,0.12925489491175,0.135482927526051,0.0909409571718851,0.0928614299506883,0.100518103976788,0.114259736202596,0.1351852839172,0.100308270250728,0.127428897380862,0.133041346384688,0.107933928416104,0.106944516225059,0.0938689739769715,0.0917487532502747,0.107345868617463,0.0887846673610711,0.13567432845637,0.118039810100379,0.0854532877091944,0.0943098035644542,0.0788255387876614,0.0925699713689301,0.110955066652558,0.109673723860482,0.116022515750401,0.087739238844437,0.110843153167618,0.102859225376419
"86",0.120769119457905,0.069301431372541,0.119462970894719,0.0951025184277328,0.091242062153396,0.0928004315464248,0.129429020050873,0.0869992491905249,0.116397251359862,0.0801031339498929,0.10191241129361,0.0990828814306124,0.0631607191873226,0.0998883728177781,0.098169242797865,0.105744660055585,0.0722307721927592,0.105041312874558,0.100663335063166,0.0735013955069565,0.0943739852763945,0.099030541387877,0.120925375421054,0.12601404379361,0.0844925932321643,0.0885076150430774,0.0949598222680571,0.108869386389493,0.125316677380633,0.0865982568889002,0.122093441215861,0.116457701086601,0.102504250606831,0.106944516225059,0.0859801681502183,0.0846032348939959,0.102937828985512,0.07719681373999,0.131034218136788,0.1139123162549,0.0811383317038414,0.0861177661268381,0.0599145604881227,0.088660823865371,0.106129363151254,0.109673723860482,0.109287630993201,0.0831050981383261,0.10574324732782,0.0983137101689454
"87",0.116477696900889,0.0653921877591963,0.105999191942792,0.0885252475888259,0.0755207301412255,0.0928004315464248,0.123275396973272,0.0869992491905249,0.116397251359862,0.0715838436030461,0.0979487791327453,0.0844164507058611,0.0579708255949615,0.0876711900099078,0.098169242797865,0.0968887744484225,0.0679478740534094,0.105041312874558,0.0906655318969365,0.0692412200278175,0.0870367788648407,0.0875703227476934,0.102423660844894,0.119251161187929,0.0725217969304245,0.0774334062518061,0.0949598222680571,0.108869386389493,0.121180605632031,0.0820857714545295,0.112133030932928,0.110778132229103,0.0923679441670426,0.0933556923802358,0.0820357652368417,0.077706549558837,0.0975736097977866,0.07719681373999,0.121623168143404,0.100697053776647,0.0758873875811217,0.0861177661268381,0.054667599371701,0.0836892395687334,0.0873849043944585,0.105051977169098,0.0898788372583593,0.0737061556869924,0.100643341488021,0.0983137101689454
"88",0.111255391035912,0.0653921877591963,0.0909731383285404,0.0839829934396806,0.0686514422157014,0.0928004315464248,0.113621041344213,0.0772053298912395,0.116397251359862,0.0673241984296226,0.0939851469718804,0.0702566992306624,0.0480457818056287,0.0753984429381424,0.0867426210547076,0.0883130955950535,0.0636649759140596,0.0925031466403986,0.0713634096899222,0.0692412200278175,0.0850108344733495,0.0829085318435693,0.0974259491504762,0.109782277455488,0.0680685657076604,0.0730795913441952,0.0949598222680571,0.108869386389493,0.105892806526089,0.0721178964408969,0.105271336977852,0.105343581534585,0.08635292357319,0.0811568347546906,0.0820357652368417,0.0708098642236782,0.0904213175474858,0.066716574688512,0.111081848013117,0.0942374296687246,0.0758873875811217,0.0798831901781796,0.0503559163962153,0.0797800920651743,0.0834193892763467,0.100430230477715,0.0761025825343714,0.0644378742747705,0.095543435648223,0.0878591273169947
"89",0.10337288231578,0.057297804236896,0.080777547109028,0.0724294772939385,0.0686514422157014,0.0813499829095083,0.106725690677995,0.0631973581064157,0.109404328492302,0.0588049080827757,0.0875539308408556,0.0630011913165767,0.0435526861885988,0.0753984429381424,0.07708574288943,0.0829246558957011,0.0636649759140596,0.0859468281011738,0.0625616829476564,0.0577893797079731,0.0850108344733495,0.0687490073644636,0.0924282374560585,0.0930037100904117,0.0636153344848963,0.0677813591554621,0.0903923120302776,0.108869386389493,0.0980576866958881,0.0684097678322037,0.100886933319688,0.0996640126770873,0.0762166171334019,0.0707332344267077,0.0702025564967119,0.0665593580610987,0.0812941392768073,0.0621033512237655,0.0907303921987692,0.0901099358232456,0.070070368939355,0.0707072864044331,0.0503559163962153,0.0797800920651743,0.0650122201105295,0.081629392596959,0.0669129267927271,0.0567223251801602,0.0902135991976941,0.0823276117386658
"90",0.0944178108598672,0.0525405784968639,0.0654932899343924,0.0678872231447931,0.0686514422157014,0.0743143150145136,0.095302053757335,0.057951085551316,0.0949745989001592,0.0502856177359289,0.0796266665191258,0.0542855330644214,0.0336276423992661,0.0661630626345426,0.0728349489209495,0.0784967130921199,0.0636649759140596,0.0747262122217589,0.0556742291579969,0.0577893797079731,0.0850108344733495,0.0649181871943507,0.0760007870129706,0.0799321726117847,0.0573556987250388,0.0677813591554621,0.0697255778110046,0.100010361515711,0.0930244298996361,0.058324394681297,0.0955514771546876,0.0907323437780625,0.0717547869705397,0.0579543769874756,0.0654025448001989,0.0507753232218211,0.0712800332088347,0.0621033512237655,0.080189072068482,0.0766056748398449,0.065755412934002,0.0657920639418634,0.0451089552797937,0.0698369234718991,0.0543524606379636,0.0692056073872511,0.0603494748882077,0.0463414070611099,0.0860227586905635,0.0823276117386658
"91",0.0858349657458344,0.0486313348835193,0.0591848853943747,0.0633449689956477,0.0686514422157014,0.0630641203390804,0.0838784168366747,0.0536399684001357,0.0863549619880682,0.0460259725625054,0.0695449126888275,0.045569874812266,0.0291345467822361,0.0476923020273431,0.068584154952469,0.0784967130921199,0.05509917963536,0.0674264781281003,0.0503187428853965,0.053529204228834,0.0804888301259221,0.0563367838583866,0.0693371714204137,0.0757641306038793,0.0472389272044901,0.0547199144326294,0.0697255778110046,0.0790726495885045,0.0737595690973327,0.0499003340326624,0.0902160209896873,0.0807284477607299,0.0616184805307516,0.0536213910081399,0.0614581418868223,0.0422743108966622,0.0624639539449335,0.0546181366633847,0.080189072068482,0.0655546349690848,0.0605044688112823,0.0617529867422519,0.040797272304308,0.0595953934623946,0.0503869455198518,0.0587060054210293,0.0563043443055884,0.0417072663549989,0.0757635010158806,0.072145223207508
"92",0.0687326576352498,0.0398742555388985,0.0537234507262489,0.0578174218552447,0.0544768303783953,0.0499388932177417,0.0769830661704572,0.0376308577889085,0.0719252323959255,0.041766327389082,0.0655812805279626,0.0368542165601106,0.0291345467822361,0.0430746118755432,0.0643333609839885,0.0740687702885388,0.0435862581986344,0.0617504145309965,0.0503187428853965,0.053529204228834,0.069610519828179,0.0476339947017784,0.060007273954709,0.0652945184025159,0.0451718217210807,0.0547199144326294,0.0651580675732251,0.0652284724655159,0.0636343863905007,0.0387759482065831,0.0692076054540397,0.0762626133112174,0.0561888027214785,0.0536213910081399,0.0575137389734457,0.0327527708234249,0.0624639539449335,0.0471329221030039,0.0755489617489004,0.0605318167705696,0.0561895128059293,0.0437814700095546,0.0364855893288222,0.0516668788250909,0.04642143040174,0.0540842587296462,0.0482140831403497,0.0324389849427769,0.0644980410533501,0.0666137076291792
"93",0.063510351770273,0.0293657603253535,0.0492355244089399,0.0474984096332283,0.0493248644342523,0.0363401843584639,0.0769830661704572,0.0376308577889085,0.0633055954838345,0.0275045832720516,0.060757868429694,0.0315510993999341,0.0208636769577922,0.0430746118755432,0.0600825670155081,0.0676570244632152,0.0393033600592846,0.0570861171908063,0.0503187428853965,0.049269028749695,0.069610519828179,0.0476339947017784,0.0550095622602913,0.0602223564482553,0.0451718217210807,0.0476556048476519,0.0595997858644945,0.0553059412281625,0.052516151132739,0.0313596909891968,0.0549615062219596,0.0673309444121926,0.0517269725586163,0.0449554190494686,0.0575137389734457,0.0327527708234249,0.0536478746810323,0.037906475173511,0.0699023317528699,0.0511550496326478,0.0417425821534566,0.0357033156103316,0.0321739063533365,0.0438485838179728,0.0424559152836282,0.0475877510445079,0.0416506312358303,0.0278048442366659,0.0544163914258228,0.0562872869928304
"94",0.046972676136041,0.0206086809807327,0.0384391935516133,0.0429561554840829,0.0391403008024155,0.0312471891576517,0.0603574533785071,0.0290086234865479,0.053651190204085,0.0232449380986281,0.0559344563314255,0.0315510993999341,0.0163705813407622,0.0384569217237433,0.0558317730470276,0.0592690020651378,0.0350204619199348,0.0466376453290072,0.0459178795142637,0.049269028749695,0.0605665111333243,0.0438031745316655,0.0467958370387473,0.0518862724324443,0.0379462035727069,0.0377646855444054,0.0531795150571381,0.0553059412281625,0.0483800793841365,0.0239434337718106,0.0402820574573926,0.0628651099626802,0.0499170799555253,0.0364165665913403,0.047480895973328,0.0315975588156355,0.043773444579144,0.0332932517087645,0.0593610116225827,0.0470275557871688,0.0320766682722044,0.0259867537235854,0.0251779581981077,0.0399394363144137,0.0384904001655164,0.040088707069487,0.0367280423074407,0.0231707035305549,0.0431509314632923,0.0489119328883919
"95",0.0426812535790246,0.0206086809807327,0.0339512672343043,0.0384139013349375,0.0391403008024155,0.0312471891576517,0.0603574533785071,0.0290086234865479,0.0438602212573182,0.0180613026778936,0.0440435598488308,0.0271932702738564,0.0163705813407622,0.0315825691270992,0.0456058970309611,0.0504131164579755,0.0331016416804805,0.0373090506486269,0.0405623932416633,0.0350055091128473,0.0494965580469784,0.0399723543615527,0.0385821118172034,0.0468141104781837,0.0278294320521582,0.0334108706367945,0.0486120048193586,0.0481188081440245,0.0391148833360018,0.0165271765544243,0.0349466012923923,0.0466992878584377,0.0444874021462522,0.0364165665913403,0.0435364930599514,0.0315975588156355,0.0373192765432353,0.0240668047792715,0.0518321716278754,0.0348105994699043,0.0234467562614984,0.0210715312610157,0.0251779581981077,0.0282119938037366,0.0384904001655164,0.0297355527280637,0.0326829117248213,0.0231707035305549,0.0337630481611836,0.0373501220306404
"96",0.0383898310220082,0.0117277308400339,0.0339512672343043,0.0338716471857921,0.0349066799771876,0.0270620274584645,0.0445764731169063,0.0290086234865479,0.0311036028869429,0.0138016575044702,0.0311646596640806,0.018477612021701,0.0163705813407622,0.0223471888234994,0.0359490188656835,0.0385102983275206,0.0288187435411307,0.0326447533084367,0.0317606664993976,0.0179648071962912,0.0439936532383131,0.0353105634574287,0.0316780723805971,0.0354778642487962,0.0278294320521582,0.0290570557291836,0.0382356162641959,0.036992414175969,0.029849687287867,0.0165271765544243,0.0349466012923923,0.0377676189594128,0.04002557198339,0.029386053114094,0.0435364930599514,0.0315975588156355,0.0329112369112847,0.0240668047792715,0.0403980997724984,0.0265556117789464,0.0181958121387787,0.0170324540614042,0.0165545922471362,0.0203936987966185,0.0345248850474047,0.0251138060366806,0.0261194598203019,0.018536562824444,0.0286631423213852,0.0373501220306404
"97",0.0331675251570314,0.00390924361334462,0.0249754145996863,0.0247871388875013,0.0306730591519597,0.0219690322576523,0.0403267895260819,0.0192147041872625,0.0267937844308974,0.00954201233104672,0.0222857447744843,0.00871565825215537,0.0126783862874111,0.0131118085198997,0.0274474309287225,0.0331218586281682,0.0192246423438594,0.0326447533084367,0.0273598031282647,0.0094444562380131,0.0394716488908858,0.0306487725533046,0.0234643471590531,0.0313098222408907,0.0233762008293941,0.0237588235404505,0.0259576248625654,0.0298052810918309,0.021577543790662,0.0120146911200536,0.0305621976342284,0.0277637229420802,0.0340105513895374,0.0148787561952051,0.0215246570605316,0.027347052653056,0.0285031972793341,0.0240668047792715,0.0300038091486902,0.0215327935804311,0.0138808561334257,0.0170324540614042,0.0165545922471362,0.0164845512930594,0.0216398666313326,0.0194895230554149,0.0211968708919124,0.00926828141222198,0.0244723018142546,0.0318186064523115
"98",0.0235543284494117,0.00390924361334462,0.0249754145996863,0.0192595917470983,0.0238037712264356,0.0219690322576523,0.0308070920921984,0.0139684316321628,0.0215490922802275,0,0.0158545286434596,0,0.00898619123405995,0.0131118085198997,0.022274566691406,0.0286939158245871,0.0140127099892475,0.0170281907913114,0.0220043168556643,0.0094444562380131,0.0291986398084033,0.0259869816491806,0.0193574845482811,0.0260089805163554,0.00890646244552822,0.0184605913517174,0.0259576248625654,0.0253757686549403,0.013305400293457,0.0120146911200536,0.0290359598441529,0.0232978884925678,0.0232769984607219,0.00960587108727039,0.0175802541471549,0.0221745386516869,0.0240951576473835,0.019453581314525,0.0149268506351937,0.0174052997349522,0.00956590012807269,0.0129933768617927,0.0113076311307146,0.0086662562859413,0.0127567337375277,0.0194895230554149,0.0211968708919124,0.00463414070611099,0.0176724273611901,0.0227275760373654
"99",0.0183320225844349,0.00390924361334462,0.0195139799315604,0.0147173375979529,0.0153365295759798,0.00837032339837446,0.0180580413197251,0.0139684316321628,0.0215490922802275,0,0.0158545286434596,0,0.00449309561702997,0.0131118085198997,0.013772978754445,0.0187749007158747,0.0042828981393498,0.0113521271942076,0.0176034534845315,0.0094444562380131,0.023695734999738,0.0162430436761898,0.00410686261077199,0.0176728965005445,0.00445323122276411,0.0141067764441065,0.0111165634174611,0.0153128810504569,0.00916932854485448,0.00830656251136052,0.0219220182908191,0.014366219593543,0.0188151682978597,0.00960587108727039,0.00874441460988959,0.013673526326528,0.0187309384596579,0.0138396703942394,0.0102867403156121,0.00915031204399419,0.004314956005353,0.00895429966218118,0.00955864409190736,0.00390914750355906,0.00879121861941591,0.0138652400741492,0.00906147914405431,0.00463414070611099,0.0125725215213917,0.0136365456224192
"100",0.00974917747040216,0.00390924361334462,0.004487926317309,0.0101750834488075,0.00686928792552404,0,0.0138083577289007,0.00965731448098252,0.00861963691209098,0,0.0039636321608649,0,0,0.00561934650852843,0.00425079396848048,0.00991901510871239,0,0.00567606359710381,0.0132025901133986,0.00426017547913904,0.0101297219574559,0.00766164034022567,0,0.00933681248473352,0,0.00435381490761087,0.00555828170873054,0.00992253123735334,0.00503325679625197,0.00830656251136052,0.0131532109744914,0.00893166889902484,0.00542967780927307,0.00433298597933566,0.00394440291337661,0.00517251400136915,0.0044080396319506,0.00461322346474648,0.00564662999603045,0.00412749384547898,0,0.00403907719961149,0.00431168297548572,0.00390914750355906,0.00396551511811179,0.00924349338276615,0.00906147914405431,0.00463414070611099,0.00838168101426115,0.00909103041494615
"101",0,0,0,0,0,0,0,0,0,0,0,0,0,0,0,0,0,0,0,0,0,0,0,0,0,0,0,0,0,0,0,0,0,0,0,0,0,0,0,0,0,0,0,0,0,0,0,0,0,0
